date,year,chair,chair_key,title,word_count,filename,fomc_day,filter_stage,filter_decision,filter_reason
2008-12-04,2008,Chair A,chair_a,"Housing, Mortgage Markets, and Foreclosures",4180,20081204_chair_a_Housing_Mortgage_Markets_and_Foreclosures.txt,False,stage2,INCLUDE,"Discusses housing crisis, financial conditions, and policy responses."
2008-12-01,2008,Chair A,chair_a,Federal Reserve Policies in the Financial Crisis,4143,20081201_chair_a_Federal_Reserve_Policies_in_the_Financial_Crisis.txt,False,stage1,INCLUDE,title keyword: 'financial crisis'
2008-11-14,2008,Chair A,chair_a,Policy Coordination Among Central Banks,1799,20081114_chair_a_Policy_Coordination_Among_Central_Banks.txt,False,stage2,INCLUDE,Discusses international monetary policy coordination during financial crisis.
2008-10-31,2008,Chair A,chair_a,The Future of Mortgage Finance in the United States,3557,20081031_chair_a_The_Future_of_Mortgage_Finance_in_the_United_States.txt,False,stage2,INCLUDE,"Discusses financial crisis, credit conditions, and policy implications."
2008-10-15,2008,Chair A,chair_a,Stabilizing the Financial Markets and the Economy,3110,20081015_chair_a_Stabilizing_the_Financial_Markets_and_the_Economy.txt,False,stage1,INCLUDE,title keyword: 'the economy'
2008-10-14,2008,Chair A,chair_a,Remarks,629,20081014_chair_a_Remarks.txt,False,stage2,INCLUDE,"Financial crisis response, Fed actions, systemic stability policy."
2008-10-07,2008,Chair A,chair_a,Current Economic and Financial Conditions,3339,20081007_chair_a_Current_Economic_and_Financial_Conditions.txt,False,stage2,INCLUDE,"Discusses financial stress, Fed tools, economic outlook."
2008-09-09,2008,Chair A,chair_a,Remarks on historically black colleges and universities,721,20080909_chair_a_Remarks_on_historically_black_colleges_and_universities.txt,False,stage1,EXCLUDE,title keyword: 'historically black colleges'
2008-08-22,2008,Chair A,chair_a,Reducing Systemic Risk,4027,20080822_chair_a_Reducing_Systemic_Risk.txt,False,stage2,INCLUDE,"Discusses monetary policy response, inflation outlook, systemic risk."
2008-07-08,2008,Chair A,chair_a,Financial Regulation and Financial Stability,4082,20080708_chair_a_Financial_Regulation_and_Financial_Stability.txt,False,stage1,INCLUDE,title keyword: 'financial stability'
2008-06-16,2008,Chair A,chair_a,Challenges for Health-Care Reform,3658,20080616_chair_a_Challenges_for_Health-Care_Reform.txt,False,stage1,EXCLUDE,title keyword: 'health-care'
2008-06-12,2008,Chair A,chair_a,Dedication of the New Federal Reserve Bank of Kansas City Building,875,20080612_chair_a_Dedication_of_the_New_Federal_Reserve_Bank_of_Kansas_City_Bu.txt,False,stage1,EXCLUDE,title keyword: 'dedication of the new'
2008-06-09,2008,Chair A,chair_a,Outstanding Issues in the Analysis of Inflation,3583,20080609_chair_a_Outstanding_Issues_in_the_Analysis_of_Inflation.txt,False,stage1,INCLUDE,title keyword: 'inflation'
2008-06-04,2008,Chair A,chair_a,Remarks on Class Day 2008,3941,20080604_chair_a_Remarks_on_Class_Day_2008.txt,False,stage1,EXCLUDE,title keyword: 'class day'
2008-06-03,2008,Chair A,chair_a,Remarks on the economic outlook,2470,20080603_chair_a_Remarks_on_the_economic_outlook.txt,False,stage1,INCLUDE,title keyword: 'economic outlook'
2008-05-15,2008,Chair A,chair_a,Risk Management in Financial Institutions,3184,20080515_chair_a_Risk_Management_in_Financial_Institutions.txt,False,stage2,INCLUDE,"Financial stability, credit conditions, systemic risk implications."
2008-05-13,2008,Chair A,chair_a,Liquidity Provision by the Federal Reserve,4178,20080513_chair_a_Liquidity_Provision_by_the_Federal_Reserve.txt,False,stage2,INCLUDE,Fed liquidity tools and monetary policy transmission during crisis.
2008-05-05,2008,Chair A,chair_a,Mortgage Delinquencies and Foreclosures,3241,20080505_chair_a_Mortgage_Delinquencies_and_Foreclosures.txt,False,stage2,EXCLUDE,"Focuses on foreclosure prevention policy, not monetary policy."
2008-04-10,2008,Chair A,chair_a,Addressing Weaknesses in the Global Financial Markets: The Report of the President's Working Group on Financial Markets,3553,20080410_chair_a_Addressing_Weaknesses_in_the_Global_Financial_Markets_The_Re.txt,False,stage2,INCLUDE,"Financial stability, credit conditions, and Fed policy response."
2008-04-09,2008,Chair A,chair_a,The Importance of Financial Education and the National Jump$tart Coalition Survey,702,20080409_chair_a_The_Importance_of_Financial_Education_and_the_National_Jumpt.txt,False,stage1,EXCLUDE,title keyword: 'jump$tart'
2008-03-14,2008,Chair A,chair_a,Fostering Sustainable Homeownership,3367,20080314_chair_a_Fostering_Sustainable_Homeownership.txt,False,stage2,EXCLUDE,"Focuses on foreclosure prevention, HOEPA regulations, consumer protection."
2008-03-04,2008,Chair A,chair_a,Reducing Preventable Mortgage Foreclosures,3402,20080304_chair_a_Reducing_Preventable_Mortgage_Foreclosures.txt,False,stage2,INCLUDE,"Discusses mortgage crisis, financial stability, credit conditions."
2008-01-10,2008,Chair A,chair_a,"Financial Markets, the Economic Outlook, and Monetary Policy",3816,20080110_chair_a_Financial_Markets_the_Economic_Outlook_and_Monetary_Policy.txt,False,stage1,INCLUDE,title keyword: 'monetary policy'
2009-12-07,2009,Chair A,chair_a,Frequently Asked Questions,4231,20091207_chair_a_Frequently_Asked_Questions.txt,False,stage2,INCLUDE,"Discusses economic outlook, Fed actions, inflation, monetary policy."
2009-11-16,2009,Chair A,chair_a,On the Outlook for the Economy and Policy,3922,20091116_chair_a_On_the_Outlook_for_the_Economy_and_Policy.txt,False,stage1,INCLUDE,title keyword: 'the economy'
2009-10-23,2009,Chair A,chair_a,Financial Regulation and Supervision after the Crisis: The Role of the Federal Reserve,4377,20091023_chair_a_Financial_Regulation_and_Supervision_after_the_Crisis_The_Ro.txt,False,stage2,INCLUDE,"Systemic risk, macroprudential policy, financial stability framework."
2009-10-19,2009,Chair A,chair_a,Asia and the Global Financial Crisis,4100,20091019_chair_a_Asia_and_the_Global_Financial_Crisis.txt,False,stage1,INCLUDE,title keyword: 'financial crisis'
2009-10-08,2009,Chair A,chair_a,The Federal Reserve's Balance Sheet: An Update,5322,20091008_chair_a_The_Federal_Reserves_Balance_Sheet_An_Update.txt,False,stage1,INCLUDE,title keyword: 'federal reserve's balance sheet'
2009-09-25,2009,Chair A,chair_a,Brief Remarks,635,20090925_chair_a_Brief_Remarks.txt,False,stage2,EXCLUDE,"Diversity initiatives and program access, not monetary policy."
2009-08-21,2009,Chair A,chair_a,Reflections on a Year of Crisis,5849,20090821_chair_a_Reflections_on_a_Year_of_Crisis.txt,False,stage2,INCLUDE,Discusses crisis policy responses and financial stability implications.
2009-06-26,2009,Chair A,chair_a,Brief Remarks,668,20090626_chair_a_Brief_Remarks.txt,False,stage2,EXCLUDE,"Ceremonial anniversary remarks for BLS, no policy substance."
2009-06-17,2009,Chair A,chair_a,Community Development Financial Institutions: Challenges and Opportunities,2750,20090617_chair_a_Community_Development_Financial_Institutions_Challenges_and_.txt,False,stage2,EXCLUDE,"Financial literacy and community development, not monetary policy."
2009-06-04,2009,Chair A,chair_a,Welcoming Remarks,701,20090604_chair_a_Welcoming_Remarks.txt,False,stage2,EXCLUDE,"Brief conference welcoming remarks, no substantive policy content."
2009-05-22,2009,Chair A,chair_a,Commencement address,2915,20090522_chair_a_Commencement_address.txt,False,stage1,EXCLUDE,title keyword: 'commencement'
2009-05-11,2009,Chair A,chair_a,The Supervisory Capital Assessment Program,3948,20090511_chair_a_The_Supervisory_Capital_Assessment_Program.txt,False,stage2,EXCLUDE,Focuses on stress test methodology and supervisory procedures.
2009-05-07,2009,Chair A,chair_a,Lessons of the Financial Crisis for Banking Supervision,3750,20090507_chair_a_Lessons_of_the_Financial_Crisis_for_Banking_Supervision.txt,False,stage1,INCLUDE,title keyword: 'financial crisis'
2009-04-17,2009,Chair A,chair_a,Financial Innovation and Consumer Protection,3613,20090417_chair_a_Financial_Innovation_and_Consumer_Protection.txt,False,stage2,EXCLUDE,"Consumer protection and financial innovation, not monetary policy."
2009-04-14,2009,Chair A,chair_a,Four Questions about the Financial Crisis,4321,20090414_chair_a_Four_Questions_about_the_Financial_Crisis.txt,False,stage1,INCLUDE,title keyword: 'financial crisis'
2009-04-03,2009,Chair A,chair_a,The Federal Reserve's Balance Sheet,4332,20090403_chair_a_The_Federal_Reserves_Balance_Sheet.txt,False,stage1,INCLUDE,title keyword: 'federal reserve's balance sheet'
2009-03-20,2009,Chair A,chair_a,The Financial Crisis and Community Banking,3673,20090320_chair_a_The_Financial_Crisis_and_Community_Banking.txt,False,stage1,INCLUDE,title keyword: 'financial crisis'
2009-03-10,2009,Chair A,chair_a,Financial Reform to Address Systemic Risk,4606,20090310_chair_a_Financial_Reform_to_Address_Systemic_Risk.txt,False,stage2,INCLUDE,"Discusses systemic risk, global imbalances, financial stability policy."
2009-03-07,2009,Chair A,chair_a,Brief Remarks,1033,20090307_chair_a_Brief_Remarks.txt,False,stage2,EXCLUDE,Ceremonial dedication speech with no monetary policy content.
2009-02-18,2009,Chair A,chair_a,Federal Reserve Policies to Ease Credit and Their Implications for the Fed's Balance Sheet,4045,20090218_chair_a_Federal_Reserve_Policies_to_Ease_Credit_and_Their_Implicatio.txt,False,stage2,INCLUDE,"Core monetary policy: credit easing, balance sheet, crisis response."
2009-01-13,2009,Chair A,chair_a,The Crisis and the Policy Response,5272,20090113_chair_a_The_Crisis_and_the_Policy_Response.txt,False,stage2,INCLUDE,"Discusses Fed crisis response, policy tools, economic outlook."
2010-11-19,2010,Chair A,chair_a,Rebalancing the Global Recovery,4532,20101119_chair_a_Rebalancing_the_Global_Recovery.txt,False,stage2,INCLUDE,"Global recovery, policy coordination, monetary policy implications."
2010-11-19,2010,Chair A,chair_a,Emerging from the Crisis: Where Do We Stand?,1573,20101119_chair_a_Emerging_from_the_Crisis_Where_Do_We_Stand.txt,False,stage2,INCLUDE,"Discusses crisis response, monetary policy tools, and outlook."
2010-10-25,2010,Chair A,chair_a,Welcoming Remarks,1466,20101025_chair_a_Welcoming_Remarks.txt,False,stage2,EXCLUDE,Conference welcoming remarks on foreclosures and housing policy.
2010-10-19,2010,Chair A,chair_a,Brief Remarks,305,20101019_chair_a_Brief_Remarks.txt,False,stage2,EXCLUDE,Financial literacy program opening ceremony.
2010-10-15,2010,Chair A,chair_a,Monetary Policy Objectives and Tools in a Low-Inflation Environment,4602,20101015_chair_a_Monetary_Policy_Objectives_and_Tools_in_a_Low-Inflation_Envi.txt,False,stage1,INCLUDE,title keyword: 'monetary policy'
2010-10-04,2010,Chair A,chair_a,Fiscal Sustainability and Fiscal Rules,3783,20101004_chair_a_Fiscal_Sustainability_and_Fiscal_Rules.txt,False,stage2,INCLUDE,Fiscal-monetary interactions affecting Fed policy space.
2010-09-30,2010,Chair A,chair_a,Welcoming Remarks,682,20100930_chair_a_Welcoming_Remarks.txt,False,stage2,EXCLUDE,Financial literacy and economic education for teachers.
2010-09-24,2010,Chair A,chair_a,Implications of the Financial Crisis for Economics,6608,20100924_chair_a_Implications_of_the_Financial_Crisis_for_Economics.txt,False,stage1,INCLUDE,title keyword: 'financial crisis'
2010-08-27,2010,Chair A,chair_a,The Economic Outlook and Monetary Policy,5241,20100827_chair_a_The_Economic_Outlook_and_Monetary_Policy.txt,False,stage1,INCLUDE,title keyword: 'monetary policy'
2010-08-02,2010,Chair A,chair_a,Challenges for the Economy and State Governments,3591,20100802_chair_a_Challenges_for_the_Economy_and_State_Governments.txt,False,stage1,INCLUDE,title keyword: 'the economy'
2010-07-12,2010,Chair A,chair_a,Restoring the Flow of Credit to Small Businesses,1966,20100712_chair_a_Restoring_the_Flow_of_Credit_to_Small_Businesses.txt,False,stage2,INCLUDE,Credit conditions and monetary transmission to small businesses.
2010-06-16,2010,Chair A,chair_a,"Remarks on ""The Squam Lake Report: Fixing the Financial System""",2820,20100616_chair_a_Remarks_on_The_Squam_Lake_Report_Fixing_the_Financial_System.txt,False,stage2,EXCLUDE,"Regulatory reform discussion, not monetary policy focused."
2010-06-09,2010,Chair A,chair_a,Fostering Workforce Development,890,20100609_chair_a_Fostering_Workforce_Development.txt,False,stage1,EXCLUDE,title keyword: 'workforce development'
2010-06-03,2010,Chair A,chair_a,Brief Remarks,1149,20100603_chair_a_Brief_Remarks.txt,False,stage2,EXCLUDE,"Small business credit access forum, not monetary policy."
2010-05-30,2010,Chair A,chair_a,The Policy Response to the Crisis in Korea and Other Emerging Market Economies,1595,20100530_chair_a_The_Policy_Response_to_the_Crisis_in_Korea_and_Other_Emergin.txt,False,stage2,INCLUDE,"Discusses crisis policy responses, swap lines, monetary tools."
2010-05-25,2010,Chair A,chair_a,"Central Bank Independence, Transparency, and Accountability",4584,20100525_chair_a_Central_Bank_Independence_Transparency_and_Accountability.txt,False,stage2,INCLUDE,"Central banking philosophy, independence, and monetary policy frameworks."
2010-05-08,2010,Chair A,chair_a,The Economics of Happiness,4047,20100508_chair_a_The_Economics_of_Happiness.txt,False,stage1,EXCLUDE,title keyword: 'the economics of happiness'
2010-05-06,2010,Chair A,chair_a,The Supervisory Capital Assessment Program--One Year Later,3762,20100506_chair_a_The_Supervisory_Capital_Assessment_Program--One_Year_Later.txt,False,stage2,EXCLUDE,"Bank supervision and stress testing, not monetary policy."
2010-04-27,2010,Chair A,chair_a,Achieving Fiscal Sustainability,1412,20100427_chair_a_Achieving_Fiscal_Sustainability.txt,False,stage2,INCLUDE,Fiscal-monetary interactions affecting Fed policy space.
2010-04-21,2010,Chair A,chair_a,Brief Remarks,480,20100421_chair_a_Brief_Remarks.txt,False,stage2,EXCLUDE,"Ceremonial currency unveiling, no monetary policy content."
2010-04-13,2010,Chair A,chair_a,Fostering Financial Literacy,649,20100413_chair_a_Fostering_Financial_Literacy.txt,False,stage1,EXCLUDE,title keyword: 'financial literacy'
2010-04-08,2010,Chair A,chair_a,Economic Policy:  Lessons from History,2197,20100408_chair_a_Economic_Policy_Lessons_from_History.txt,False,stage1,INCLUDE,title keyword: 'economic policy'
2010-04-07,2010,Chair A,chair_a,"Economic Challenges: Past, Present, and Future",4176,20100407_chair_a_Economic_Challenges_Past_Present_and_Future.txt,False,stage2,INCLUDE,"Discusses crisis, Fed policy response, economic outlook."
2010-03-20,2010,Chair A,chair_a,Preserving a Central Role for Community Banking,3187,20100320_chair_a_Preserving_a_Central_Role_for_Community_Banking.txt,False,stage2,EXCLUDE,Focus on too-big-to-fail and community bank regulation.
2010-02-03,2010,Chair A,chair_a,Swearing-In Ceremony Remarks,735,20100203_chair_a_Swearing-In_Ceremony_Remarks.txt,False,stage1,EXCLUDE,title keyword: 'swearing-in ceremony'
2010-01-03,2010,Chair A,chair_a,Monetary Policy and the Housing Bubble,7740,20100103_chair_a_Monetary_Policy_and_the_Housing_Bubble.txt,False,stage1,INCLUDE,title keyword: 'monetary policy'
2011-11-10,2011,Chair A,chair_a,Town Hall Meeting Remarks,2287,20111110_chair_a_Town_Hall_Meeting_Remarks.txt,False,stage2,INCLUDE,Discusses Fed efforts to strengthen economy and policy actions.
2011-11-09,2011,Chair A,chair_a,Welcoming Remarks,1190,20111109_chair_a_Welcoming_Remarks.txt,False,stage2,EXCLUDE,Welcoming remarks on small business support programs.
2011-10-18,2011,Chair A,chair_a,The Effects of the Great Recession on Central Bank Doctrine and Practice,4015,20111018_chair_a_The_Effects_of_the_Great_Recession_on_Central_Bank_Doctrine_.txt,False,stage2,INCLUDE,"Central bank doctrine, monetary policy frameworks post-crisis."
2011-09-28,2011,Chair A,chair_a,Lessons from Emerging Market Economies on the Sources of Sustained Growth,5110,20110928_chair_a_Lessons_from_Emerging_Market_Economies_on_the_Sources_of_Sus.txt,False,stage2,EXCLUDE,"Long-run growth analysis of emerging markets, not monetary policy."
2011-09-15,2011,Chair A,chair_a,Opening Remarks,609,20110915_chair_a_Opening_Remarks.txt,False,stage2,EXCLUDE,"Brief conference welcoming remarks, no policy substance."
2011-09-08,2011,Chair A,chair_a,The U.S. Economic Outlook,2754,20110908_chair_a_The_US_Economic_Outlook.txt,False,stage1,INCLUDE,title keyword: 'economic outlook'
2011-08-26,2011,Chair A,chair_a,The Near- and Longer-Term Prospects for the U.S. Economy,3578,20110826_chair_a_The_Near-_and_Longer-Term_Prospects_for_the_US_Economy.txt,False,stage2,INCLUDE,Bernanke Jackson Hole speech on economic outlook and Fed response.
2011-06-14,2011,Chair A,chair_a,Fiscal Sustainability,2120,20110614_chair_a_Fiscal_Sustainability.txt,False,stage2,INCLUDE,Fiscal-monetary interactions affecting Fed's policy space.
2011-06-07,2011,Chair A,chair_a,The U.S. Economic Outlook,4429,20110607_chair_a_The_US_Economic_Outlook.txt,False,stage1,INCLUDE,title keyword: 'economic outlook'
2011-05-16,2011,Chair A,chair_a,Promoting Research and Development: The Government's Role,4097,20110516_chair_a_Promoting_Research_and_Development_The_Governments_Role.txt,False,stage1,EXCLUDE,title keyword: 'promoting research and development: the government'
2011-05-12,2011,Chair A,chair_a,Brief remarks,576,20110512_chair_a_Brief_remarks.txt,False,stage2,EXCLUDE,"Ceremonial award acceptance remarks, no monetary policy content."
2011-05-05,2011,Chair A,chair_a,Implementing a Macroprudential Approach to Supervision and Regulation,3625,20110505_chair_a_Implementing_a_Macroprudential_Approach_to_Supervision_and_R.txt,False,stage2,EXCLUDE,"regulatory framework focus, not monetary policy"
2011-04-29,2011,Chair A,chair_a,Community Development in Challenging Times,2720,20110429_chair_a_Community_Development_in_Challenging_Times.txt,False,stage2,EXCLUDE,"Community development focus, not monetary policy."
2011-04-04,2011,Chair A,chair_a,"Clearinghouses, Financial Stability, and Financial Reform",3948,20110404_chair_a_Clearinghouses_Financial_Stability_and_Financial_Reform.txt,False,stage1,INCLUDE,title keyword: 'financial stability'
2011-03-23,2011,Chair A,chair_a,Community Banking in a Period of Recovery and Change,2934,20110323_chair_a_Community_Banking_in_a_Period_of_Recovery_and_Change.txt,False,stage2,EXCLUDE,"Focuses on community banking role and regulation, not monetary policy."
2011-03-02,2011,Chair A,chair_a,Challenges for State and Local Governments,3023,20110302_chair_a_Challenges_for_State_and_Local_Governments.txt,False,stage2,EXCLUDE,"Focus on state/local fiscal policy, not monetary policy."
2011-02-18,2011,Chair A,chair_a,Global Imbalances: Links to Economic and Financial Stability,2155,20110218_chair_a_Global_Imbalances_Links_to_Economic_and_Financial_Stability.txt,False,stage1,INCLUDE,title keyword: 'financial stability'
2011-02-03,2011,Chair A,chair_a,The Economic Outlook and Macroeconomic Policy,2970,20110203_chair_a_The_Economic_Outlook_and_Macroeconomic_Policy.txt,False,stage1,INCLUDE,title keyword: 'economic outlook'
2012-11-20,2012,Chair A,chair_a,The Economic Recovery and Economic Policy,4986,20121120_chair_a_The_Economic_Recovery_and_Economic_Policy.txt,False,stage1,INCLUDE,title keyword: 'economic policy'
2012-11-15,2012,Chair A,chair_a,Challenges in Housing and Mortgage Markets,3945,20121115_chair_a_Challenges_in_Housing_and_Mortgage_Markets.txt,False,stage2,INCLUDE,Housing sector's role in recovery and monetary policy transmission.
2012-10-14,2012,Chair A,chair_a,U.S. Monetary Policy and International Implications,1744,20121014_chair_a_US_Monetary_Policy_and_International_Implications.txt,False,stage1,INCLUDE,title keyword: 'monetary policy'
2012-10-01,2012,Chair A,chair_a,Five Questions about the Federal Reserve and Monetary Policy,4393,20121001_chair_a_Five_Questions_about_the_Federal_Reserve_and_Monetary_Policy.txt,False,stage1,INCLUDE,title keyword: 'monetary policy'
2012-08-31,2012,Chair A,chair_a,Monetary Policy since the Onset of the Crisis,7339,20120831_chair_a_Monetary_Policy_since_the_Onset_of_the_Crisis.txt,False,stage1,INCLUDE,title keyword: 'monetary policy'
2012-08-07,2012,Chair A,chair_a,Financial Education,1225,20120807_chair_a_Financial_Education.txt,False,stage2,EXCLUDE,"Financial literacy education for consumers, not monetary policy."
2012-08-06,2012,Chair A,chair_a,Economic Measurement,1697,20120806_chair_a_Economic_Measurement.txt,False,stage2,EXCLUDE,"speech on economic measurement and well-being, not monetary policy"
2012-07-24,2012,Chair A,chair_a,Early Childhood Education,1126,20120724_chair_a_Early_Childhood_Education.txt,False,stage1,EXCLUDE,title keyword: 'early childhood education'
2012-05-10,2012,Chair A,chair_a,Banks and Bank Lending: The State of Play,3208,20120510_chair_a_Banks_and_Bank_Lending_The_State_of_Play.txt,False,stage2,INCLUDE,"Discusses bank lending, credit conditions, monetary transmission."
2012-04-13,2012,Chair A,chair_a,Some Reflections on the Crisis and the Policy Response,4995,20120413_chair_a_Some_Reflections_on_the_Crisis_and_the_Policy_Response.txt,False,stage2,INCLUDE,Crisis analysis and Fed's lender-of-last-resort policy response.
2012-04-09,2012,Chair A,chair_a,Fostering Financial Stability,3706,20120409_chair_a_Fostering_Financial_Stability.txt,False,stage1,INCLUDE,title keyword: 'financial stability'
2012-03-26,2012,Chair A,chair_a,Recent Developments in the Labor Market,4892,20120326_chair_a_Recent_Developments_in_the_Labor_Market.txt,False,stage2,INCLUDE,Labor market analysis with monetary policy implications.
2012-03-23,2012,Chair A,chair_a,Opening Remarks,713,20120323_chair_a_Opening_Remarks.txt,False,stage2,EXCLUDE,"Brief conference welcoming remarks, no substantive policy argument."
2012-03-14,2012,Chair A,chair_a,Community Banking,1452,20120314_chair_a_Community_Banking.txt,False,stage2,EXCLUDE,"Focuses on community banking challenges, not monetary policy."
2012-02-16,2012,Chair A,chair_a,Community Banking,3851,20120216_chair_a_Community_Banking.txt,False,stage2,EXCLUDE,"Focuses on community bank supervision, not monetary policy."
2012-02-10,2012,Chair A,chair_a,Housing Markets in Transition,4430,20120210_chair_a_Housing_Markets_in_Transition.txt,False,stage2,INCLUDE,Discusses housing's role in monetary policy transmission and recovery.
2013-12-16,2013,Chair A,chair_a,Concluding Remarks,795,20131216_chair_a_Concluding_Remarks.txt,False,stage2,EXCLUDE,"ceremonial centennial remarks, no monetary policy substance."
2013-12-16,2013,Chair A,chair_a,Opening Remarks,1309,20131216_chair_a_Opening_Remarks.txt,False,stage2,INCLUDE,"Discusses crisis response, unconventional monetary tools, central banking framework."
2013-11-19,2013,Chair A,chair_a,Communication and Monetary Policy,6346,20131119_chair_a_Communication_and_Monetary_Policy.txt,False,stage1,INCLUDE,title keyword: 'monetary policy'
2013-11-14,2013,Chair A,chair_a,40th Anniversary of the Annual Conference of the Union of Arab Banks,570,20131114_chair_a_40th_Anniversary_of_the_Annual_Conference_of_the_Union_of_Ar.txt,False,stage2,EXCLUDE,"Ceremonial remarks on banking regulation, not monetary policy."
2013-11-13,2013,Chair A,chair_a,Teaching and Learning about the Federal Reserve,1230,20131113_chair_a_Teaching_and_Learning_about_the_Federal_Reserve.txt,False,stage2,EXCLUDE,Educational town hall about Fed history for teachers.
2013-11-08,2013,Chair A,chair_a,The Crisis as a Classic Financial Panic,2526,20131108_chair_a_The_Crisis_as_a_Classic_Financial_Panic.txt,False,stage2,INCLUDE,"Discusses financial crises, Fed response, and policy lessons."
2013-10-14,2013,Chair A,chair_a,Celebrating 20 Years of the Bank of Mexico's Independence,1376,20131014_chair_a_Celebrating_20_Years_of_the_Bank_of_Mexicos_Independence.txt,False,stage2,INCLUDE,"Discusses central bank independence, inflation targeting, countercyclical policy."
2013-10-02,2013,Chair A,chair_a,Brief Welcoming Remarks,1146,20131002_chair_a_Brief_Welcoming_Remarks.txt,False,stage2,EXCLUDE,Brief welcoming remarks introducing community banking conference.
2013-07-10,2013,Chair A,chair_a,"A Century of U.S. Central Banking: Goals, Frameworks, Accountability",7149,20130710_chair_a_A_Century_of_US_Central_Banking_Goals_Frameworks_Accountabil.txt,False,stage2,INCLUDE,"Historical Fed policy frameworks, goals, and lessons."
2013-06-02,2013,Chair A,chair_a,The Ten Suggestions,1844,20130602_chair_a_The_Ten_Suggestions.txt,False,stage2,EXCLUDE,"Commencement speech, explicitly nothing to do with interest rates."
2013-05-18,2013,Chair A,chair_a,Economic Prospects for the Long Run,2800,20130518_chair_a_Economic_Prospects_for_the_Long_Run.txt,False,stage2,EXCLUDE,"Commencement address on long-run technological progress, not monetary policy."
2013-05-10,2013,Chair A,chair_a,Monitoring the Financial System,4414,20130510_chair_a_Monitoring_the_Financial_System.txt,False,stage2,INCLUDE,Financial stability monitoring informs monetary policy decisions.
2013-04-12,2013,Chair A,chair_a,Creating Resilient Communities,3659,20130412_chair_a_Creating_Resilient_Communities.txt,False,stage2,EXCLUDE,"Community development focus, no monetary policy content."
2013-04-08,2013,Chair A,chair_a,Stress Testing Banks: What Have We Learned?,4287,20130408_chair_a_Stress_Testing_Banks_What_Have_We_Learned.txt,False,stage2,EXCLUDE,Focuses on bank supervisory stress testing methodology.
2013-04-04,2013,Chair A,chair_a,Financial and Economic Education,672,20130404_chair_a_Financial_and_Economic_Education.txt,False,stage1,EXCLUDE,title keyword: 'financial and economic education'
2013-03-25,2013,Chair A,chair_a,Monetary Policy and the Global Economy,2577,20130325_chair_a_Monetary_Policy_and_the_Global_Economy.txt,False,stage1,INCLUDE,title keyword: 'monetary policy'
2013-03-01,2013,Chair A,chair_a,Long-Term Interest Rates,5425,20130301_chair_a_Long-Term_Interest_Rates.txt,False,stage1,INCLUDE,title keyword: 'interest rate'
2014-11-07,2014,Chair B,chair_b,"Remarks at the Panel Discussion on ""Shaping the Future of the Macroeconomic Policy Mix""",1499,20141107_chair_b_Remarks_at_the_Panel_Discussion_on_Shaping_the_Future_of_the.txt,False,stage1,INCLUDE,title keyword: 'economic policy'
2014-10-30,2014,Chair B,chair_b,Welcoming Remarks,991,20141030_chair_b_Welcoming_Remarks.txt,False,stage2,EXCLUDE,"Diversity in economics profession, no monetary policy content."
2014-10-17,2014,Chair B,chair_b,Perspectives on Inequality and Opportunity from the Survey of Consumer Finances,6912,20141017_chair_b_Perspectives_on_Inequality_and_Opportunity_from_the_Survey_o.txt,False,stage2,EXCLUDE,"Speech focuses on inequality and opportunity, not monetary policy."
2014-09-18,2014,Chair B,chair_b,The Importance of Asset Building for Low and Middle Income Households,703,20140918_chair_b_The_Importance_of_Asset_Building_for_Low_and_Middle_Income_H.txt,False,stage1,EXCLUDE,title keyword: 'asset building for low and middle income'
2014-08-22,2014,Chair B,chair_b,Labor Market Dynamics and Monetary Policy,5615,20140822_chair_b_Labor_Market_Dynamics_and_Monetary_Policy.txt,False,stage1,INCLUDE,title keyword: 'monetary policy'
2014-07-02,2014,Chair B,chair_b,Monetary Policy and Financial Stability,4956,20140702_chair_b_Monetary_Policy_and_Financial_Stability.txt,False,stage1,INCLUDE,title keyword: 'monetary policy'
2014-05-21,2014,Chair B,chair_b,Commencement Remarks,963,20140521_chair_b_Commencement_Remarks.txt,False,stage1,EXCLUDE,title keyword: 'commencement'
2014-05-15,2014,Chair B,chair_b,Small Businesses and the Recovery,564,20140515_chair_b_Small_Businesses_and_the_Recovery.txt,False,stage2,INCLUDE,"Discusses monetary policy, recovery, employment mandate."
2014-05-01,2014,Chair B,chair_b,Tailored Supervision of Community Banks,3257,20140501_chair_b_Tailored_Supervision_of_Community_Banks.txt,False,stage2,EXCLUDE,"Focuses on community bank supervision, not monetary policy."
2014-04-16,2014,Chair B,chair_b,Monetary Policy and the Economic Recovery,5335,20140416_chair_b_Monetary_Policy_and_the_Economic_Recovery.txt,False,stage1,INCLUDE,title keyword: 'monetary policy'
2014-04-15,2014,Chair B,chair_b,Opening Remarks,1056,20140415_chair_b_Opening_Remarks.txt,False,stage2,EXCLUDE,"focuses on bank liquidity regulation, not monetary policy."
2014-03-31,2014,Chair B,chair_b,What the Federal Reserve Is Doing to Promote a Stronger Job Market,4105,20140331_chair_b_What_the_Federal_Reserve_Is_Doing_to_Promote_a_Stronger_Job_.txt,False,stage2,INCLUDE,Discusses labor market recovery and Fed policy response.
2014-03-25,2014,Chair B,chair_b,Remarks on Women's History Month,577,20140325_chair_b_Remarks_on_Womens_History_Month.txt,False,stage1,EXCLUDE,title keyword: 'women's history month'
2014-03-05,2014,Chair B,chair_b,Remarks at the Ceremonial Swearing-in,846,20140305_chair_b_Remarks_at_the_Ceremonial_Swearing-in.txt,False,stage1,EXCLUDE,title keyword: 'ceremonial swearing-in'
2014-01-03,2014,Chair A,chair_a,"The Federal Reserve:  Looking Back, Looking Forward",7365,20140103_chair_a_The_Federal_Reserve_Looking_Back_Looking_Forward.txt,False,stage2,INCLUDE,"Bernanke reflects on monetary policy, transparency, and economic outlook."
2015-12-02,2015,Chair B,chair_b,The Economic Outlook and Monetary Policy,5317,20151202_chair_b_The_Economic_Outlook_and_Monetary_Policy.txt,False,stage1,INCLUDE,title keyword: 'monetary policy'
2015-11-12,2015,Chair B,chair_b,Welcoming Remarks,611,20151112_chair_b_Welcoming_Remarks.txt,False,stage2,EXCLUDE,Brief conference welcoming remarks without substantive policy content.
2015-10-20,2015,Chair B,chair_b,Brief Remarks,822,20151020_chair_b_Brief_Remarks.txt,False,stage2,EXCLUDE,"Ceremonial remarks honoring BLS officials, no monetary policy."
2015-09-30,2015,Chair B,chair_b,Welcoming Remarks,1215,20150930_chair_b_Welcoming_Remarks.txt,False,stage2,EXCLUDE,Brief welcoming remarks introducing community banking conference.
2015-09-24,2015,Chair B,chair_b,Inflation Dynamics and Monetary Policy,10682,20150924_chair_b_Inflation_Dynamics_and_Monetary_Policy.txt,False,stage1,INCLUDE,title keyword: 'monetary policy'
2015-07-10,2015,Chair B,chair_b,Recent Developments and the Outlook for the Economy,4227,20150710_chair_b_Recent_Developments_and_the_Outlook_for_the_Economy.txt,False,stage1,INCLUDE,title keyword: 'the economy'
2015-05-22,2015,Chair B,chair_b,The Outlook for the Economy,3744,20150522_chair_b_The_Outlook_for_the_Economy.txt,False,stage1,INCLUDE,title keyword: 'the economy'
2015-05-06,2015,Chair B,chair_b,Finance and Society,3116,20150506_chair_b_Finance_and_Society.txt,False,stage2,EXCLUDE,"Focuses on financial regulation and supervision, not monetary policy."
2015-04-02,2015,Chair B,chair_b,Opening Remarks,1355,20150402_chair_b_Opening_Remarks.txt,False,stage2,EXCLUDE,Opening remarks on inequality and economic mobility research.
2015-03-27,2015,Chair B,chair_b,Normalizing Monetary Policy:  Prospects and Perspectives,6426,20150327_chair_b_Normalizing_Monetary_Policy_Prospects_and_Perspectives.txt,False,stage1,INCLUDE,title keyword: 'monetary policy'
2015-03-03,2015,Chair B,chair_b,Improving the Oversight of Large Financial Institutions,4345,20150303_chair_b_Improving_the_Oversight_of_Large_Financial_Institutions.txt,False,stage2,EXCLUDE,"Regulatory oversight of large institutions, not monetary policy."
2016-12-19,2016,Chair B,chair_b,Commencement Remarks,2219,20161219_chair_b_Commencement_Remarks.txt,False,stage1,EXCLUDE,title keyword: 'commencement'
2016-10-14,2016,Chair B,chair_b,Macroeconomic Research After the Crisis,6442,20161014_chair_b_Macroeconomic_Research_After_the_Crisis.txt,False,stage1,INCLUDE,title keyword: 'macroeconomic'
2016-09-29,2016,Chair B,chair_b,Brief Remarks,865,20160929_chair_b_Brief_Remarks.txt,False,stage2,EXCLUDE,Focuses on diversity and inclusion at the Fed.
2016-08-26,2016,Chair B,chair_b,"The Federal Reserve's Monetary Policy Toolkit: Past, Present, and Future",6484,20160826_chair_b_The_Federal_Reserves_Monetary_Policy_Toolkit_Past_Present_an.txt,False,stage1,INCLUDE,title keyword: 'monetary policy'
2016-06-06,2016,Chair B,chair_b,Current Conditions and the Outlook for the U.S. Economy,5424,20160606_chair_b_Current_Conditions_and_the_Outlook_for_the_US_Economy.txt,False,stage2,INCLUDE,"Yellen on outlook, rate path, and policy uncertainty."
2016-03-29,2016,Chair B,chair_b,"The Outlook, Uncertainty, and Monetary Policy",5117,20160329_chair_b_The_Outlook_Uncertainty_and_Monetary_Policy.txt,False,stage1,INCLUDE,title keyword: 'monetary policy'
2017-11-07,2017,Chair B,chair_b,Remarks accepting the 2017 Paul H. Douglas Award for Ethics in Government,903,20171107_chair_b_Remarks_accepting_the_2017_Paul_H_Douglas_Award_for_Ethics_i.txt,False,stage2,EXCLUDE,"Award acceptance ceremony, no monetary policy content."
2017-10-20,2017,Chair B,chair_b,A Challenging Decade and a Question for the Future,4318,20171020_chair_b_A_Challenging_Decade_and_a_Question_for_the_Future.txt,False,stage2,INCLUDE,Discusses unconventional monetary policy tools and accommodation removal.
2017-10-15,2017,Chair B,chair_b,The U.S. Economy and Monetary Policy,1792,20171015_chair_b_The_US_Economy_and_Monetary_Policy.txt,False,stage1,INCLUDE,title keyword: 'monetary policy'
2017-10-04,2017,Chair B,chair_b,Welcoming Remarks,624,20171004_chair_b_Welcoming_Remarks.txt,False,stage2,EXCLUDE,"Welcoming remarks on community bank regulation, no monetary policy."
2017-09-26,2017,Chair B,chair_b,"Inflation, Uncertainty, and Monetary Policy",8657,20170926_chair_b_Inflation_Uncertainty_and_Monetary_Policy.txt,False,stage1,INCLUDE,title keyword: 'monetary policy'
2017-08-25,2017,Chair B,chair_b,Financial Stability a Decade after the Onset of the Crisis,6800,20170825_chair_b_Financial_Stability_a_Decade_after_the_Onset_of_the_Crisis.txt,False,stage1,INCLUDE,title keyword: 'financial stability'
2017-05-05,2017,Chair B,chair_b,So We All Can Succeed: 125 Years of Women's Participation in the Economy,7068,20170505_chair_b_So_We_All_Can_Succeed_125_Years_of_Womens_Participation_in_t.txt,False,stage1,EXCLUDE,title keyword: 'women's participation in the economy'
2017-03-28,2017,Chair B,chair_b,Addressing Workforce Development Challenges in Low-Income Communities,3961,20170328_chair_b_Addressing_Workforce_Development_Challenges_in_Low-Income_Co.txt,False,stage1,EXCLUDE,title keyword: 'workforce development'
2017-03-23,2017,Chair B,chair_b,Welcoming Remarks,1526,20170323_chair_b_Welcoming_Remarks.txt,False,stage2,EXCLUDE,"Community development conference welcome, no monetary policy content."
2017-03-03,2017,Chair B,chair_b,From Adding Accommodation to Scaling It Back,4585,20170303_chair_b_From_Adding_Accommodation_to_Scaling_It_Back.txt,False,stage2,INCLUDE,Direct discussion of FOMC rate path and policy stance.
2017-01-19,2017,Chair B,chair_b,The Economic Outlook and the Conduct of Monetary Policy,6567,20170119_chair_b_The_Economic_Outlook_and_the_Conduct_of_Monetary_Policy.txt,False,stage1,INCLUDE,title keyword: 'monetary policy'
2017-01-18,2017,Chair B,chair_b,The Goals of Monetary Policy and How We Pursue Them,3039,20170118_chair_b_The_Goals_of_Monetary_Policy_and_How_We_Pursue_Them.txt,False,stage1,INCLUDE,title keyword: 'monetary policy'
2017-01-12,2017,Chair B,chair_b,Welcoming Remarks,1154,20170112_chair_b_Welcoming_Remarks.txt,False,stage2,EXCLUDE,"Teacher town hall on economics education, not policy."
2018-12-06,2018,Chair C,chair_c,Welcoming Remarks,1389,20181206_chair_c_Welcoming_Remarks.txt,False,stage2,EXCLUDE,"Rural housing conference welcoming remarks, community development focus."
2018-12-03,2018,Chair C,chair_c,Celebrating Excellence in Community Development,1042,20181203_chair_c_Celebrating_Excellence_in_Community_Development.txt,False,stage2,EXCLUDE,ceremonial award speech focused on community development.
2018-11-28,2018,Chair C,chair_c,The Federal Reserve's Framework for Monitoring Financial Stability,4222,20181128_chair_c_The_Federal_Reserves_Framework_for_Monitoring_Financial_Stab.txt,False,stage1,INCLUDE,title keyword: 'financial stability'
2018-10-02,2018,Chair C,chair_c,Monetary Policy and Risk Management at a Time of Low Inflation and Low Unemployment,4617,20181002_chair_c_Monetary_Policy_and_Risk_Management_at_a_Time_of_Low_Inflati.txt,False,stage1,INCLUDE,title keyword: 'monetary policy'
2018-09-27,2018,Chair C,chair_c,Brief Remarks on the U.S. Economy,522,20180927_chair_c_Brief_Remarks_on_the_US_Economy.txt,False,stage2,INCLUDE,"Discusses FOMC rate hike, economic outlook, policy normalization."
2018-08-24,2018,Chair C,chair_c,Monetary Policy in a Changing Economy,5090,20180824_chair_c_Monetary_Policy_in_a_Changing_Economy.txt,False,stage1,INCLUDE,title keyword: 'monetary policy'
2018-06-20,2018,Chair C,chair_c,Monetary Policy at a Time of Uncertainty and Tight Labor Markets,1989,20180620_chair_c_Monetary_Policy_at_a_Time_of_Uncertainty_and_Tight_Labor_Mar.txt,False,stage1,INCLUDE,title keyword: 'monetary policy'
2018-05-25,2018,Chair C,chair_c,Financial Stability and Central Bank Transparency,2031,20180525_chair_c_Financial_Stability_and_Central_Bank_Transparency.txt,False,stage1,INCLUDE,title keyword: 'financial stability'
2018-05-08,2018,Chair C,chair_c,Monetary Policy Influences on Global Financial Conditions and International Capital Flows,2385,20180508_chair_c_Monetary_Policy_Influences_on_Global_Financial_Conditions_an.txt,False,stage1,INCLUDE,title keyword: 'monetary policy'
2018-04-06,2018,Chair C,chair_c,The Outlook for the U.S. Economy,4134,20180406_chair_c_The_Outlook_for_the_US_Economy.txt,False,stage2,INCLUDE,"Powell on economic outlook, dual mandate, monetary policy."
2018-02-13,2018,Chair C,chair_c,Remarks at the Ceremonial Swearing-in,756,20180213_chair_c_Remarks_at_the_Ceremonial_Swearing-in.txt,False,stage1,EXCLUDE,title keyword: 'ceremonial swearing-in'
2019-11-25,2019,Chair C,chair_c,Building on the Gains from the Long Expansion,2668,20191125_chair_c_Building_on_the_Gains_from_the_Long_Expansion.txt,False,stage2,INCLUDE,"Discusses FOMC policy actions, outlook, inflation, framework review."
2019-10-09,2019,Chair C,chair_c,Opening Remarks,703,20191009_chair_c_Opening_Remarks.txt,False,stage2,INCLUDE,"Discusses monetary policy framework review, goals, and challenges."
2019-10-08,2019,Chair C,chair_c,Data-Dependent Monetary Policy in an Evolving Economy,4216,20191008_chair_c_Data-Dependent_Monetary_Policy_in_an_Evolving_Economy.txt,False,stage1,INCLUDE,title keyword: 'monetary policy'
2019-10-07,2019,Chair C,chair_c,Brief Remarks,800,20191007_chair_c_Brief_Remarks.txt,False,stage2,EXCLUDE,"Ceremonial remarks at documentary premiere, historical tribute."
2019-10-04,2019,Chair C,chair_c,Opening Remarks,842,20191004_chair_c_Opening_Remarks.txt,False,stage2,INCLUDE,Fed Listens review of monetary policy framework and strategy.
2019-08-23,2019,Chair C,chair_c,Challenges for Monetary Policy,4153,20190823_chair_c_Challenges_for_Monetary_Policy.txt,False,stage1,INCLUDE,title keyword: 'monetary policy'
2019-07-16,2019,Chair C,chair_c,Monetary Policy in the Post-Crisis Era,2416,20190716_chair_c_Monetary_Policy_in_the_Post-Crisis_Era.txt,False,stage1,INCLUDE,title keyword: 'monetary policy'
2019-07-09,2019,Chair C,chair_c,Welcoming Remarks (via prerecorded video),743,20190709_chair_c_Welcoming_Remarks_via_prerecorded_video.txt,False,stage2,EXCLUDE,Brief welcoming remarks on stress testing supervisory procedures.
2019-06-25,2019,Chair C,chair_c,Economic Outlook and Monetary Policy Review,1409,20190625_chair_c_Economic_Outlook_and_Monetary_Policy_Review.txt,False,stage1,INCLUDE,title keyword: 'monetary policy'
2019-06-04,2019,Chair C,chair_c,Opening Remarks,3331,20190604_chair_c_Opening_Remarks.txt,False,stage2,INCLUDE,"Discusses monetary policy framework, ELB, and policy tools."
2019-05-20,2019,Chair C,chair_c,Business Debt and Our Dynamic Financial System,3423,20190520_chair_c_Business_Debt_and_Our_Dynamic_Financial_System.txt,False,stage2,INCLUDE,"Financial stability, systemic risk, and policy implications discussed."
2019-05-09,2019,Chair C,chair_c,Welcoming Remarks,820,20190509_chair_c_Welcoming_Remarks.txt,False,stage2,EXCLUDE,"Community development conference welcoming remarks, no monetary policy."
2019-03-11,2019,Chair C,chair_c,Brief Remarks,642,20190311_chair_c_Brief_Remarks.txt,False,stage2,EXCLUDE,"Community reinvestment and lower-income banking access, not monetary policy."
2019-03-08,2019,Chair C,chair_c,Monetary Policy: Normalization and the Road Ahead,4487,20190308_chair_c_Monetary_Policy_Normalization_and_the_Road_Ahead.txt,False,stage1,INCLUDE,title keyword: 'monetary policy'
2019-02-28,2019,Chair C,chair_c,Recent Economic Developments and Longer-Term Challenges,2980,20190228_chair_c_Recent_Economic_Developments_and_Longer-Term_Challenges.txt,False,stage2,INCLUDE,"Powell discusses dual mandate, economic outlook, labor market."
2019-02-12,2019,Chair C,chair_c,Encouraging Economic Development in High-Poverty Rural Communities,3149,20190212_chair_c_Encouraging_Economic_Development_in_High-Poverty_Rural_Commu.txt,False,stage2,EXCLUDE,"Rural poverty, community development, not monetary policy."
2019-02-06,2019,Chair C,chair_c,Welcoming Remarks,937,20190206_chair_c_Welcoming_Remarks.txt,False,stage2,EXCLUDE,"Remarks on economics education, no monetary policy content."
2020-10-06,2020,Chair C,chair_c,Recent Economic Developments and the Challenges Ahead,2206,20201006_chair_c_Recent_Economic_Developments_and_the_Challenges_Ahead.txt,False,stage2,INCLUDE,Powell on economic outlook and policy response to pandemic.
2020-08-27,2020,Chair C,chair_c,New Economic Challenges and the Fed's Monetary Policy Review,5418,20200827_chair_c_New_Economic_Challenges_and_the_Feds_Monetary_Policy_Review.txt,True,stage1,INCLUDE,title keyword: 'monetary policy'
2020-06-19,2020,Chair C,chair_c,Introductory Comments,553,20200619_chair_c_Introductory_Comments.txt,False,stage2,EXCLUDE,"Workforce development conference introductory remarks, no monetary policy."
2020-05-21,2020,Chair C,chair_c,Opening Remarks,541,20200521_chair_c_Opening_Remarks.txt,False,stage2,EXCLUDE,"Brief welcoming remarks for listening event, no policy substance."
2020-05-13,2020,Chair C,chair_c,Current Economic Issues,1528,20200513_chair_c_Current_Economic_Issues.txt,False,stage2,INCLUDE,Powell on pandemic economic outlook and Fed response.
2020-04-09,2020,Chair C,chair_c,COVID-19 and the Economy,949,20200409_chair_c_COVID-19_and_the_Economy.txt,False,stage1,INCLUDE,title keyword: 'the economy'
2021-11-29,2021,Chair C,chair_c,Opening Remarks,509,20211129_chair_c_Opening_Remarks.txt,False,stage2,EXCLUDE,"Ceremonial opening remarks for innovation center, no policy content."
2021-11-09,2021,Chair C,chair_c,Opening Remarks,1080,20211109_chair_c_Opening_Remarks.txt,False,stage2,EXCLUDE,Conference remarks on diversity and inclusion.
2021-11-08,2021,Chair C,chair_c,Opening Remarks,783,20211108_chair_c_Opening_Remarks.txt,False,stage2,EXCLUDE,"Conference opening remarks on gender, not monetary policy."
2021-09-24,2021,Chair C,chair_c,Introductory Remarks,438,20210924_chair_c_Introductory_Remarks.txt,False,stage2,EXCLUDE,Brief ceremonial opening remarks introducing listening session.
2021-08-27,2021,Chair C,chair_c,Monetary Policy in the Time of COVID,3902,20210827_chair_c_Monetary_Policy_in_the_Time_of_COVID.txt,False,stage1,INCLUDE,title keyword: 'monetary policy'
2021-08-17,2021,Chair C,chair_c,Welcoming Remarks,669,20210817_chair_c_Welcoming_Remarks.txt,False,stage2,EXCLUDE,"Teacher town hall, no monetary policy content."
2021-05-03,2021,Chair C,chair_c,Community Development,1290,20210503_chair_c_Community_Development.txt,False,stage2,EXCLUDE,"Primarily community development, not monetary policy substance."
2021-03-18,2021,Chair C,chair_c,Closing Remarks,917,20210318_chair_c_Closing_Remarks.txt,False,stage2,EXCLUDE,"Cross-border payments infrastructure, not monetary policy."
2021-02-10,2021,Chair C,chair_c,Getting Back to a Strong Labor Market,3160,20210210_chair_c_Getting_Back_to_a_Strong_Labor_Market.txt,False,stage2,INCLUDE,"Powell on labor market, policy support, and economic outlook."
2022-11-30,2022,Chair C,chair_c,Inflation and the Labor Market,3322,20221130_chair_c_Inflation_and_the_Labor_Market.txt,False,stage1,INCLUDE,title keyword: 'inflation'
2022-09-28,2022,Chair C,chair_c,Welcoming Remarks,484,20220928_chair_c_Welcoming_Remarks.txt,False,stage2,EXCLUDE,"Brief ceremonial welcoming remarks, no monetary policy content."
2022-08-26,2022,Chair C,chair_c,Monetary Policy and Price Stability,1495,20220826_chair_c_Monetary_Policy_and_Price_Stability.txt,False,stage1,INCLUDE,title keyword: 'monetary policy'
2022-06-17,2022,Chair C,chair_c,Welcoming Remarks,969,20220617_chair_c_Welcoming_Remarks.txt,False,stage2,EXCLUDE,"Brief conference welcoming remarks, minimal policy substance."
2022-05-24,2022,Chair C,chair_c,Welcoming Remarks,673,20220524_chair_c_Welcoming_Remarks.txt,False,stage2,EXCLUDE,Ceremonial welcoming remarks on tribal economic development.
2022-03-21,2022,Chair C,chair_c,Restoring Price Stability,2868,20220321_chair_c_Restoring_Price_Stability.txt,False,stage1,INCLUDE,title keyword: 'price stability'
2023-12-01,2023,Chair C,chair_c,Opening Remarks,1660,20231201_chair_c_Opening_Remarks.txt,False,stage2,INCLUDE,"Discusses dual mandate, labor market, Fed policy framework."
2023-11-09,2023,Chair C,chair_c,Opening Remarks,2369,20231109_chair_c_Opening_Remarks.txt,False,stage2,INCLUDE,"Powell discusses inflation, FOMC stance, and rate path."
2023-11-08,2023,Chair C,chair_c,Opening Remarks,904,20231108_chair_c_Opening_Remarks.txt,False,stage2,EXCLUDE,"Ceremonial remarks celebrating division centennial, no policy content."
2023-10-25,2023,Chair C,chair_c,Introductory Remarks,1259,20231025_chair_c_Introductory_Remarks.txt,False,stage2,EXCLUDE,"Ceremonial introduction of award recipient, no policy content."
2023-10-19,2023,Chair C,chair_c,Opening Remarks,1347,20231019_chair_c_Opening_Remarks.txt,False,stage2,INCLUDE,"Powell discusses inflation, labor market, and monetary policy outlook."
2023-09-28,2023,Chair C,chair_c,Welcoming Remarks,767,20230928_chair_c_Welcoming_Remarks.txt,False,stage2,EXCLUDE,"Welcoming remarks for teacher education event, no policy substance."
2023-08-25,2023,Chair C,chair_c,Inflation:  Progress and the Path Ahead,2796,20230825_chair_c_Inflation_Progress_and_the_Path_Ahead.txt,False,stage1,INCLUDE,title keyword: 'inflation'
2023-06-29,2023,Chair C,chair_c,Financial Stability and Economic Developments,1707,20230629_chair_c_Financial_Stability_and_Economic_Developments.txt,False,stage1,INCLUDE,title keyword: 'financial stability'
2023-01-10,2023,Chair C,chair_c,"Panel on ""Central Bank Independence and the MandateâEvolving Views""",1285,20230110_chair_c_Panel_on_Central_Bank_Independence_and_the_MandateâEvolving_.txt,False,stage2,INCLUDE,"Discusses Fed mandate, independence, and price stability framework."
2024-11-14,2024,Chair C,chair_c,Economic Outlook,976,20241114_chair_c_Economic_Outlook.txt,False,stage1,INCLUDE,title keyword: 'economic outlook'
2024-09-30,2024,Chair C,chair_c,Economic Outlook,886,20240930_chair_c_Economic_Outlook.txt,False,stage1,INCLUDE,title keyword: 'economic outlook'
2024-09-26,2024,Chair C,chair_c,Opening Remarks,577,20240926_chair_c_Opening_Remarks.txt,False,stage2,EXCLUDE,"Brief conference welcoming remarks, no monetary policy substance."
2024-08-23,2024,Chair C,chair_c,Review and Outlook,3916,20240823_chair_c_Review_and_Outlook.txt,False,stage2,INCLUDE,Jackson Hole speech on monetary policy stance and outlook.
2024-05-19,2024,Chair C,chair_c,Georgetown University Law Center Commencement Address,1841,20240519_chair_c_Georgetown_University_Law_Center_Commencement_Address.txt,False,stage1,EXCLUDE,title keyword: 'commencement'
2024-04-03,2024,Chair C,chair_c,Opening Remarks,1499,20240403_chair_c_Opening_Remarks.txt,False,stage2,INCLUDE,"Powell discusses inflation, growth, and monetary policy outlook."
2025-12-01,2025,Chair C,chair_c,Opening Remarks,819,20251201_chair_c_Opening_Remarks.txt,False,stage2,EXCLUDE,"Memorial lecture honoring Shultz, explicitly avoids monetary policy."
2025-10-14,2025,Chair C,chair_c,Understanding the Fedâs Balance Sheet,4413,20251014_chair_c_Understanding_the_Fedâs_Balance_Sheet.txt,False,stage2,INCLUDE,"Fed balance sheet, monetary policy framework, economic outlook."
2025-10-09,2025,Chair C,chair_c,Welcoming Remarks,312,20251009_chair_c_Welcoming_Remarks.txt,False,stage2,EXCLUDE,"Brief ceremonial welcome, no monetary policy content."
2025-09-23,2025,Chair C,chair_c,Economic Outlook,1246,20250923_chair_c_Economic_Outlook.txt,False,stage1,INCLUDE,title keyword: 'economic outlook'
2025-08-22,2025,Chair C,chair_c,Monetary Policy and the Fedâs Framework Review,4159,20250822_chair_c_Monetary_Policy_and_the_Fedâs_Framework_Review.txt,True,stage1,INCLUDE,title keyword: 'monetary policy'
2025-07-22,2025,Chair C,chair_c,Opening Remarks,467,20250722_chair_c_Opening_Remarks.txt,False,stage2,EXCLUDE,Opening remarks on bank capital regulatory framework.
2025-06-02,2025,Chair C,chair_c,Opening Remarks,1312,20250602_chair_c_Opening_Remarks.txt,False,stage2,EXCLUDE,"Ceremonial anniversary remarks, no substantive monetary policy content."
2025-05-25,2025,Chair C,chair_c,Baccalaureate Remarks,1691,20250525_chair_c_Baccalaureate_Remarks.txt,False,stage1,EXCLUDE,title keyword: 'baccalaureate'
2025-05-15,2025,Chair C,chair_c,Opening Remarks,2940,20250515_chair_c_Opening_Remarks.txt,False,stage2,INCLUDE,"Discusses framework review, inflation targeting, dual mandate."
2025-04-16,2025,Chair C,chair_c,Economic Outlook,854,20250416_chair_c_Economic_Outlook.txt,False,stage1,INCLUDE,title keyword: 'economic outlook'
2025-04-04,2025,Chair C,chair_c,Economic Outlook,919,20250404_chair_c_Economic_Outlook.txt,False,stage1,INCLUDE,title keyword: 'economic outlook'
2025-03-07,2025,Chair C,chair_c,Economic Outlook,951,20250307_chair_c_Economic_Outlook.txt,False,stage1,INCLUDE,title keyword: 'economic outlook'
